,Days,Susceptible,Asymptomatic,Presymptomatic,MildlyInfected,SeverelyInfected,Recovered,Hospitalized,Dead,NewDeathsPerDay,NewIdentifiedInfections,NewInfections,TestPositivityRate,CaseFatalityRate,Mean(R),Std(R)
0,1.0,98649.0,1003.0,196.0,25.0,0.0,127.0,0.0,0.0,0.0,0.0,356.0,0.0,0.0,0.0,0.0
1,2.0,98127.0,1052.0,421.0,133.0,5.0,261.0,1.0,0.0,0.0,0.0,449.0,0.0,0.0,40.4331728597226,1.04923941267981
2,3.0,97529.0,1109.0,596.0,319.0,6.0,439.0,2.0,0.0,0.0,0.0,498.0,0.0,0.0,11.6988008469004,0.25971696811449
3,4.0,96819.0,1183.0,770.0,555.0,11.0,659.0,3.0,0.0,0.0,0.0,598.0,0.0,0.0,7.03795104174932,0.135320192429419
4,5.0,95926.0,1333.0,961.0,847.0,13.0,918.0,2.0,0.0,0.0,0.0,776.0,0.0,0.0,5.32367080277298,0.0895272128304474
5,6.0,95035.0,1475.0,1083.0,1183.0,25.0,1196.0,3.0,0.0,0.0,0.0,767.0,0.0,0.0,4.32547766643486,0.0651424404406983
6,7.0,93781.0,1706.0,1360.0,1549.0,39.0,1561.0,4.0,0.0,0.0,1041.0,1134.0,74.83824586628324,0.0,3.7745887392568,0.0509058006189285
7,8.0,92197.0,2026.0,1685.0,2036.0,44.0,2006.0,6.0,0.0,0.0,443.0,1393.0,90.59304703476482,0.0,2.87458825915942,0.0380982524754388
8,9.0,90459.0,2338.0,1985.0,2570.0,49.0,2589.0,10.0,0.0,0.0,544.0,1498.0,92.20338983050848,0.0,2.58958690062695,0.0317579399405939
9,10.0,88471.0,2761.0,2288.0,3153.0,63.0,3252.0,12.0,0.0,0.0,676.0,1743.0,91.47496617050066,0.2288329519450801,2.37343867777585,0.0273842105778608
10,11.0,86166.0,3135.0,2731.0,3845.0,72.0,4032.0,19.0,0.0,0.0,831.0,2015.0,90.52287581699346,0.2597402597402597,2.16586837651655,0.0238642355635065
11,12.0,83700.0,3580.0,3023.0,4667.0,96.0,4914.0,20.0,0.0,0.0,873.0,2181.0,92.6751592356688,0.0,1.96918697506969,0.020972546393355
12,13.0,80898.0,4086.0,3392.0,5548.0,109.0,5937.0,29.0,1.0,1.0,1089.0,2453.0,93.15654405474764,0.17452006980802792,1.80816552140768,0.0187096104677567
13,14.0,77798.0,4612.0,3772.0,6503.0,141.0,7141.0,31.0,2.0,1.0,1236.0,2730.0,92.93233082706766,0.13966480446927373,1.65222542419368,0.0168105041238423
14,15.0,74395.0,5169.0,4203.0,7514.0,158.0,8518.0,40.0,3.0,1.0,1399.0,2968.0,93.89261744966444,0.40540540540540543,1.5120239474939,0.0152496480823541
15,16.0,70832.0,5698.0,4550.0,8601.0,190.0,10078.0,47.0,4.0,1.0,1407.0,3135.0,93.8,0.5382131324004306,1.38349370605458,0.0139526356276277
16,17.0,67170.0,6199.0,4815.0,9650.0,218.0,11886.0,57.0,5.0,1.0,1401.0,3222.0,93.4,0.28708133971291866,1.28663744993095,0.0129771531282019
17,18.0,63392.0,6706.0,5066.0,10654.0,234.0,13878.0,64.0,6.0,1.0,1410.0,3259.0,94.0,0.4248088360237893,1.21656205213595,0.0122635060484873
18,19.0,59683.0,7154.0,5156.0,11703.0,263.0,15959.0,75.0,7.0,1.0,1397.0,3241.0,93.13333333333334,0.3454231433506045,1.16317138852975,0.011727091179116
19,20.0,55974.0,7487.0,5224.0,12769.0,275.0,18174.0,88.0,9.0,2.0,1409.0,3259.0,93.93333333333334,0.603448275862069,1.1229584101967,0.0113245421478884
20,21.0,52452.0,7755.0,5165.0,13684.0,276.0,20555.0,103.0,10.0,1.0,1407.0,3120.0,93.8,0.3499562554680665,1.08845053955681,0.0110006248177153
21,22.0,49086.0,7964.0,4995.0,14421.0,294.0,23117.0,110.0,13.0,3.0,1400.0,2975.0,93.33333333333331,0.3475238922675934,1.0600257052177,0.0107452208654363
22,23.0,45936.0,8027.0,4832.0,15045.0,308.0,25724.0,114.0,14.0,1.0,1405.0,2769.0,93.66666666666669,0.26690391459074736,1.03589711800058,0.0105418782523808
23,24.0,43042.0,7981.0,4556.0,15610.0,305.0,28361.0,128.0,17.0,3.0,1412.0,2581.0,94.13333333333334,0.353045013239188,1.01386684526029,0.0103737019122855
24,25.0,40334.0,7860.0,4374.0,15894.0,288.0,31080.0,149.0,21.0,4.0,1407.0,2397.0,93.8,0.2588438308886971,0.992295167918405,0.0102282166208853
25,26.0,37802.0,7682.0,4116.0,16105.0,272.0,33844.0,155.0,24.0,3.0,1392.0,2245.0,92.8,0.3499562554680665,0.968060363431729,0.0100866986824349
26,27.0,35456.0,7445.0,3905.0,16083.0,269.0,36650.0,163.0,29.0,5.0,1366.0,2086.0,91.06666666666666,0.8517887563884157,0.952714853219672,0.0100086354478419
27,28.0,33366.0,7206.0,3596.0,16124.0,272.0,39245.0,156.0,35.0,6.0,1349.0,1871.0,89.93333333333334,0.34275921165381323,0.93438427933273,0.0099312707136279
28,29.0,31560.0,6963.0,3180.0,15988.0,258.0,41850.0,161.0,40.0,5.0,1324.0,1593.0,88.26666666666667,0.3499562554680665,0.917400442877971,0.0098742297865577
29,30.0,29912.0,6648.0,2893.0,15625.0,244.0,44465.0,172.0,41.0,1.0,1301.0,1472.0,86.73333333333333,0.4472271914132379,0.8968778624605,0.0098108831551638
30,31.0,28474.0,6238.0,2586.0,15235.0,260.0,46997.0,163.0,47.0,6.0,1272.0,1261.0,84.8,0.43821209465381245,0.883366454579751,0.0097988649739399
31,32.0,27146.0,5813.0,2379.0,14845.0,242.0,49353.0,172.0,50.0,3.0,1206.0,1183.0,80.4,0.27803521779425394,0.86469928175686,0.0097713931245648
32,33.0,25937.0,5454.0,2161.0,14324.0,226.0,51673.0,169.0,56.0,6.0,1242.0,1077.0,82.8,0.09372071227741331,0.847399406454073,0.0097628214694673
33,34.0,24872.0,5068.0,1887.0,13824.0,225.0,53902.0,163.0,59.0,3.0,1157.0,947.0,77.13333333333333,0.3784295175023652,0.822998612784785,0.0097248283585007
34,35.0,23978.0,4735.0,1612.0,13215.0,229.0,56011.0,159.0,61.0,2.0,1129.0,792.0,75.26666666666667,0.5035246727089627,0.807724155921814,0.0097535862952893
35,36.0,23172.0,4397.0,1414.0,12604.0,210.0,57979.0,161.0,63.0,2.0,1049.0,724.0,69.93333333333334,0.19646365422396855,0.795429930298796,0.0098163828792501
36,37.0,22501.0,4020.0,1258.0,11929.0,198.0,59866.0,162.0,66.0,3.0,1071.0,593.0,71.39999999999999,0.3115264797507788,0.782894837036645,0.0098910612532157
37,38.0,21849.0,3660.0,1166.0,11287.0,187.0,61637.0,147.0,67.0,1.0,976.0,566.0,65.06666666666666,0.10775862068965517,0.767949489637903,0.0099616158721854
38,39.0,21301.0,3362.0,1023.0,10673.0,169.0,63254.0,146.0,72.0,5.0,909.0,494.0,60.6,0.5793742757821553,0.748349549964818,0.0100118691771139
39,40.0,20772.0,3154.0,919.0,10119.0,155.0,64657.0,150.0,74.0,2.0,870.0,471.0,57.99999999999999,1.0044642857142858,0.717592118609039,0.0099955213941728
40,41.0,20317.0,2888.0,803.0,9493.0,150.0,66123.0,149.0,77.0,3.0,853.0,395.0,56.86666666666667,0.6172839506172839,0.68474940902991,0.0099732539350607
41,42.0,19877.0,2656.0,751.0,8885.0,138.0,67464.0,150.0,79.0,2.0,837.0,397.0,55.8,0.6684491978609626,0.651107624713094,0.0099582889034848
42,43.0,19514.0,2419.0,639.0,8338.0,127.0,68739.0,141.0,83.0,4.0,748.0,318.0,49.86666666666667,0.1402524544179523,0.614652422322055,0.0099357433880251
43,44.0,19176.0,2200.0,591.0,7812.0,129.0,69875.0,131.0,86.0,3.0,749.0,301.0,49.93333333333334,0.2881844380403458,0.589160099361598,0.0100203672061954
44,45.0,18847.0,1993.0,558.0,7304.0,124.0,70958.0,122.0,94.0,8.0,620.0,282.0,53.12767780634105,0.29239766081871343,0.552356640431074,0.0100262893024148
45,46.0,18584.0,1823.0,491.0,6778.0,106.0,71998.0,122.0,98.0,4.0,476.0,226.0,93.51669941060904,0.6430868167202572,0.533802356380451,0.0102164299850801
46,47.0,18368.0,1646.0,437.0,6318.0,101.0,72907.0,121.0,102.0,4.0,430.0,189.0,92.87257019438444,0.0,0.538647668593837,0.0106709988380451
47,48.0,18194.0,1477.0,362.0,5841.0,96.0,73807.0,115.0,108.0,6.0,414.0,155.0,94.30523917995444,0.5758157389635317,0.546173028225787,0.0111954555749183
48,49.0,18030.0,1334.0,290.0,5418.0,88.0,74623.0,107.0,110.0,2.0,389.0,145.0,94.18886198547214,0.7444168734491315,0.549667920262444,0.0117083203419372
49,50.0,17869.0,1192.0,271.0,4993.0,84.0,75377.0,101.0,113.0,3.0,378.0,143.0,91.0843373493976,0.29411764705882354,0.555549351631078,0.0122700325421023
50,51.0,17737.0,1068.0,235.0,4627.0,77.0,76038.0,100.0,118.0,5.0,327.0,117.0,92.11267605633805,0.2949852507374631,0.561325111943512,0.0128540245524001
51,52.0,17606.0,960.0,215.0,4314.0,66.0,76625.0,95.0,119.0,1.0,315.0,112.0,92.64705882352942,0.6024096385542169,0.573420374565059,0.0135344587758249
52,53.0,17481.0,870.0,208.0,3961.0,62.0,77208.0,88.0,122.0,3.0,294.0,105.0,93.33333333333331,0.6349206349206349,0.585201765414366,0.0142351574573919
53,54.0,17390.0,785.0,189.0,3668.0,59.0,77707.0,77.0,125.0,3.0,262.0,83.0,93.9068100358423,0.0,0.591517230093243,0.014885942412407
54,55.0,17276.0,722.0,186.0,3346.0,48.0,78219.0,72.0,131.0,6.0,238.0,99.0,90.49429657794676,1.5810276679841897,0.597799924498085,0.0155495791320529
55,56.0,17189.0,654.0,154.0,3105.0,45.0,78646.0,73.0,134.0,3.0,235.0,77.0,90.03831417624522,0.0,0.610407183143787,0.0163138181839273
56,57.0,17106.0,579.0,147.0,2868.0,41.0,79053.0,71.0,135.0,1.0,235.0,76.0,93.25396825396824,0.4444444444444444,0.602952292430279,0.0168202089621587
57,58.0,17032.0,527.0,135.0,2631.0,37.0,79435.0,68.0,135.0,0.0,215.0,61.0,95.55555555555556,0.0,0.590458190622888,0.0172548307540188
58,59.0,16962.0,479.0,137.0,2410.0,32.0,79781.0,63.0,136.0,1.0,210.0,56.0,90.9090909090909,0.48543689320388345,0.578435540983186,0.0177081323766905
59,60.0,16904.0,434.0,115.0,2217.0,29.0,80107.0,57.0,137.0,1.0,183.0,47.0,93.36734693877553,0.5128205128205128,0.549929051692361,0.0179176567216285
60,61.0,16835.0,393.0,106.0,2073.0,26.0,80375.0,53.0,139.0,2.0,161.0,57.0,88.95027624309392,0.6493506493506493,0.528868863974631,0.0182585808612751
61,62.0,16783.0,350.0,86.0,1910.0,21.0,80658.0,53.0,139.0,0.0,160.0,45.0,93.56725146198828,0.0,0.512653343783733,0.0187194533713867
62,63.0,16733.0,318.0,79.0,1758.0,17.0,80906.0,47.0,142.0,3.0,120.0,46.0,90.9090909090909,0.0,0.500899368909685,0.0193082517360507
63,64.0,16704.0,289.0,69.0,1602.0,15.0,81132.0,46.0,143.0,1.0,121.0,26.0,93.7984496124031,0.0,0.509142171462925,0.020349413834058
64,65.0,16674.0,262.0,62.0,1467.0,9.0,81336.0,46.0,144.0,1.0,111.0,25.0,90.2439024390244,0.0,0.494395802720703,0.020985933072729
65,66.0,16654.0,242.0,59.0,1362.0,10.0,81488.0,39.0,146.0,2.0,85.0,19.0,85.85858585858585,0.0,0.486327857241162,0.0217928723807573
66,67.0,16623.0,220.0,49.0,1273.0,9.0,81645.0,34.0,147.0,1.0,80.0,28.0,89.8876404494382,0.0,0.492422617433916,0.0229843194705886
67,68.0,16596.0,192.0,40.0,1155.0,9.0,81828.0,32.0,148.0,1.0,72.0,23.0,87.8048780487805,0.0,0.507504709282084,0.0244740503268967
68,69.0,16577.0,177.0,33.0,1058.0,9.0,81972.0,26.0,148.0,0.0,83.0,18.0,91.2087912087912,0.0,0.554186135849739,0.0268189468297825
69,70.0,16562.0,150.0,30.0,973.0,8.0,82102.0,27.0,148.0,0.0,73.0,13.0,89.02439024390245,1.4492753623188406,0.559093829342305,0.028202552986085
70,71.0,16538.0,142.0,28.0,901.0,8.0,82207.0,28.0,148.0,0.0,50.0,21.0,89.28571428571429,0.0,0.559874466913653,0.0294670772059817
71,72.0,16517.0,130.0,20.0,824.0,9.0,82328.0,24.0,148.0,0.0,54.0,18.0,90.0,0.0,0.591876299756472,0.0315920197203301
72,73.0,16505.0,114.0,25.0,749.0,7.0,82427.0,22.0,151.0,3.0,46.0,10.0,82.14285714285714,0.0,0.609059996575902,0.0333762822150942
73,74.0,16489.0,101.0,20.0,698.0,7.0,82515.0,18.0,152.0,1.0,51.0,12.0,85.0,2.631578947368421,0.632032322695605,0.0353316809381114
74,75.0,16475.0,95.0,21.0,641.0,6.0,82593.0,17.0,152.0,0.0,69.0,13.0,88.46153846153845,0.0,0.632978233808484,0.0366674445731889
75,76.0,16459.0,96.0,18.0,591.0,5.0,82662.0,17.0,152.0,0.0,49.0,11.0,94.23076923076924,0.0,0.591771300015347,0.0367000980674572
76,77.0,16446.0,80.0,24.0,552.0,3.0,82724.0,18.0,153.0,1.0,41.0,12.0,85.41666666666666,0.0,0.582870773908061,0.0377027761136841
77,78.0,16436.0,76.0,22.0,507.0,1.0,82789.0,16.0,153.0,0.0,40.0,10.0,86.95652173913044,0.0,0.574357750858653,0.0388115000828651
78,79.0,16423.0,65.0,24.0,472.0,1.0,82846.0,16.0,153.0,0.0,36.0,12.0,78.26086956521739,0.0,0.5823781537533,0.0405762086522124
79,80.0,16408.0,60.0,25.0,438.0,1.0,82900.0,15.0,153.0,0.0,33.0,12.0,86.8421052631579,0.0,0.567584276658009,0.0416172983516894
80,81.0,16392.0,60.0,27.0,412.0,1.0,82943.0,12.0,153.0,0.0,29.0,14.0,85.29411764705883,0.0,0.550328177407019,0.0425856729195719
81,82.0,16382.0,57.0,21.0,380.0,1.0,82995.0,11.0,153.0,0.0,31.0,9.0,96.875,0.0,0.552791426949386,0.044401275897734
82,83.0,16377.0,52.0,14.0,357.0,1.0,83035.0,11.0,153.0,0.0,28.0,4.0,80.0,0.0,0.545459177124119,0.045935949387844
83,84.0,16365.0,48.0,15.0,332.0,1.0,83075.0,11.0,153.0,0.0,21.0,9.0,84.0,0.0,0.512471644752061,0.0463970026832644
84,85.0,16361.0,40.0,14.0,307.0,1.0,83114.0,10.0,153.0,0.0,27.0,3.0,90.0,0.0,0.516644804568722,0.0486018549199762
85,86.0,16356.0,36.0,13.0,279.0,1.0,83154.0,7.0,154.0,1.0,16.0,4.0,80.0,0.0,0.509481616840461,0.0504461971106365
86,87.0,16348.0,36.0,11.0,251.0,1.0,83193.0,6.0,154.0,0.0,14.0,8.0,77.77777777777779,0.0,0.535589060737856,0.0541026652538673
87,88.0,16345.0,28.0,9.0,229.0,1.0,83230.0,4.0,154.0,0.0,17.0,3.0,68.0,0.0,0.532390912967263,0.0564333239079949
88,89.0,16343.0,25.0,7.0,216.0,1.0,83250.0,4.0,154.0,0.0,17.0,2.0,73.91304347826086,0.0,0.568591606680957,0.0609594188726215
89,90.0,16337.0,21.0,10.0,202.0,1.0,83271.0,3.0,155.0,1.0,9.0,6.0,69.23076923076923,0.0,0.527468640053352,0.0613169839176158
90,91.0,16333.0,16.0,10.0,186.0,0.0,83297.0,3.0,155.0,0.0,12.0,4.0,70.58823529411765,0.0,0.55853308578446,0.0658237554125398
91,92.0,16327.0,14.0,10.0,171.0,0.0,83320.0,3.0,155.0,0.0,16.0,5.0,69.56521739130434,0.0,0.558029856663803,0.0686887270677308
92,93.0,16320.0,14.0,7.0,159.0,0.0,83342.0,3.0,155.0,0.0,12.0,6.0,70.58823529411765,0.0,0.515025139210883,0.06882312916081
93,94.0,16319.0,14.0,4.0,144.0,0.0,83362.0,2.0,155.0,0.0,5.0,1.0,55.55555555555556,0.0,0.500649774555326,0.0708025701175175
94,95.0,16318.0,13.0,5.0,122.0,0.0,83385.0,2.0,155.0,0.0,15.0,1.0,100.0,0.0,0.558574212850687,0.078216034570644
95,96.0,16318.0,12.0,1.0,111.0,0.0,83402.0,1.0,155.0,0.0,4.0,0.0,57.14285714285714,0.0,0.491660857977201,0.0767845257636792
96,97.0,16317.0,11.0,1.0,99.0,0.0,83416.0,1.0,155.0,0.0,7.0,1.0,53.84615384615385,0.0,0.563512988360122,0.0859349250887724
97,98.0,16315.0,11.0,2.0,89.0,0.0,83427.0,0.0,156.0,1.0,6.0,2.0,60.0,0.0,0.602954765692648,0.0930379402219839
98,99.0,16311.0,12.0,4.0,80.0,0.0,83437.0,0.0,156.0,0.0,6.0,4.0,54.54545454545454,0.0,0.64058473211849,0.10004252742335
99,100.0,16311.0,9.0,3.0,77.0,0.0,83444.0,0.0,156.0,0.0,6.0,0.0,46.15384615384615,0.0,0.624583073520369,0.102680824774816
100,101.0,16310.0,8.0,2.0,73.0,0.0,83451.0,0.0,156.0,0.0,6.0,1.0,54.54545454545454,0.0,0.634973097448925,0.107330042989421
101,102.0,16308.0,7.0,2.0,68.0,0.0,83459.0,0.0,156.0,0.0,5.0,2.0,55.55555555555556,0.0,0.584276469570908,0.106673800734489
102,103.0,16307.0,7.0,2.0,61.0,0.0,83467.0,0.0,156.0,0.0,6.0,1.0,60.0,0.0,0.585746627996277,0.110695707783772
103,104.0,16307.0,7.0,2.0,55.0,0.0,83473.0,0.0,156.0,0.0,6.0,0.0,54.54545454545454,0.0,0.541640981745151,0.110562002421313
104,105.0,16307.0,6.0,1.0,53.0,0.0,83477.0,0.0,156.0,0.0,5.0,0.0,55.55555555555556,0.0,0.464143752969631,0.106481879708965
105,106.0,16307.0,5.0,0.0,51.0,0.0,83481.0,0.0,156.0,0.0,2.0,0.0,20.0,0.0,0.426546958513808,0.106636739628452
106,107.0,16306.0,4.0,1.0,45.0,0.0,83488.0,0.0,156.0,0.0,4.0,1.0,100.0,0.0,0.412106580847958,0.110140116597708
107,108.0,16306.0,3.0,1.0,42.0,0.0,83492.0,0.0,156.0,0.0,1.0,0.0,14.285714285714285,0.0,0.393628098148816,0.11363064421341
108,109.0,16306.0,3.0,1.0,40.0,0.0,83494.0,0.0,156.0,0.0,3.0,0.0,75.0,0.0,0.404730907536342,0.122030960123461
109,110.0,16306.0,3.0,1.0,35.0,0.0,83499.0,0.0,156.0,0.0,2.0,0.0,66.66666666666666,0.0,0.331766769468677,0.117297266231828
110,111.0,16306.0,3.0,1.0,30.0,0.0,83504.0,0.0,156.0,0.0,1.0,0.0,33.33333333333333,0.0,0.422713772717439,0.140904590905813
111,112.0,16305.0,3.0,2.0,28.0,0.0,83506.0,0.0,156.0,0.0,2.0,1.0,33.33333333333333,0.0,0.428161052107875,0.151377791692723
112,113.0,16305.0,3.0,1.0,25.0,0.0,83510.0,0.0,156.0,0.0,0.0,0.0,0.0,0.0,0.364098731853571,0.148642684839281
113,114.0,16305.0,2.0,1.0,23.0,0.0,83513.0,0.0,156.0,0.0,2.0,0.0,50.0,0.0,0.413135203882189,0.168661740715343
114,115.0,16305.0,2.0,0.0,20.0,0.0,83517.0,0.0,156.0,0.0,0.0,0.0,0.0,0.0,0.471260711210655,0.192391379714534
115,116.0,16305.0,1.0,0.0,18.0,0.0,83520.0,0.0,156.0,0.0,0.0,0.0,0.0,0.0,0.71423822709294,0.252521346880038
116,117.0,16304.0,2.0,0.0,13.0,0.0,83525.0,0.0,156.0,0.0,3.0,1.0,42.85714285714285,0.0,0.799436078642213,0.282643336166545
117,118.0,16304.0,2.0,0.0,12.0,0.0,83526.0,0.0,156.0,0.0,0.0,0.0,0.0,0.0,0.759513331212861,0.287069055975352
118,119.0,16304.0,2.0,0.0,12.0,0.0,83526.0,0.0,156.0,0.0,0.0,0.0,0.0,0.0,0.810867489940985,0.306479103515859
119,120.0,16303.0,2.0,1.0,11.0,0.0,83527.0,0.0,156.0,0.0,0.0,1.0,0.0,0.0,0.984699300595635,0.348143776440412
120,121.0,16303.0,2.0,1.0,10.0,0.0,83528.0,0.0,156.0,0.0,2.0,0.0,16.666666666666664,0.0,1.03348872927426,0.365393444374848
121,122.0,16303.0,1.0,1.0,8.0,0.0,83531.0,0.0,156.0,0.0,2.0,0.0,22.22222222222222,0.0,0.930596104921379,0.351732266381049
122,123.0,16303.0,1.0,0.0,9.0,0.0,83531.0,0.0,156.0,0.0,0.0,0.0,0.0,0.0,0.815553236438444,0.332948214558265
123,124.0,16302.0,1.0,1.0,8.0,0.0,83532.0,0.0,156.0,0.0,2.0,1.0,20.0,0.0,0.841990024353345,0.34374098802988
124,125.0,16302.0,1.0,1.0,8.0,0.0,83532.0,0.0,156.0,0.0,0.0,0.0,0.0,0.0,0.732489957844052,0.327579467715051
125,126.0,16301.0,1.0,1.0,8.0,0.0,83533.0,0.0,156.0,0.0,1.0,0.0,25.0,0.0,0.769401546493069,0.344086831990393
126,127.0,16300.0,2.0,0.0,9.0,0.0,83533.0,0.0,156.0,0.0,0.0,0.0,0.0,0.0,0.653197375257361,0.32659868762868
127,128.0,16300.0,1.0,0.0,8.0,0.0,83535.0,0.0,156.0,0.0,1.0,0.0,11.11111111111111,0.0,0.871786208564412,0.389874644839367
128,129.0,16300.0,1.0,0.0,7.0,0.0,83536.0,0.0,156.0,0.0,1.0,0.0,25.0,0.0,0.748211371857812,0.374105685928906
129,130.0,16300.0,1.0,0.0,7.0,0.0,83536.0,0.0,156.0,0.0,0.0,0.0,0.0,0.0,0.595932739699532,0.344061927684436
130,131.0,16300.0,0.0,0.0,7.0,0.0,83537.0,0.0,156.0,0.0,1.0,0.0,50.0,0.0,0.641381682882684,0.370301887265613
131,132.0,16300.0,0.0,0.0,7.0,0.0,83537.0,0.0,156.0,0.0,0.0,0.0,0.0,0.0,0.468362611820008,0.331182378872171
132,133.0,16300.0,0.0,0.0,6.0,0.0,83538.0,0.0,156.0,0.0,0.0,0.0,0.0,0.0,0.778613442404192,0.449532680566721
133,134.0,16300.0,0.0,0.0,5.0,0.0,83539.0,0.0,156.0,0.0,1.0,0.0,16.666666666666664,0.0,0.872221466589819,0.503577298528602
134,135.0,16300.0,0.0,0.0,4.0,0.0,83540.0,0.0,156.0,0.0,0.0,0.0,0.0,0.0,0.636379720706009,0.44998841592082
135,136.0,16300.0,0.0,0.0,3.0,0.0,83541.0,0.0,156.0,0.0,0.0,0.0,0.0,0.0,0.6928898563503,0.48994711604067
136,137.0,16300.0,0.0,0.0,3.0,0.0,83541.0,0.0,156.0,0.0,0.0,0.0,0.0,0.0,1.15328893234197,0.665851675541051
137,138.0,16300.0,0.0,0.0,2.0,0.0,83542.0,0.0,156.0,0.0,0.0,0.0,0.0,0.0,1.26471655712725,0.730184444705996
138,139.0,16300.0,0.0,0.0,2.0,0.0,83542.0,0.0,156.0,0.0,1.0,0.0,14.285714285714285,0.0,1.32681062975911,0.766034474255077
139,140.0,16300.0,0.0,0.0,2.0,0.0,83542.0,0.0,156.0,0.0,0.0,0.0,0.0,0.0,0.906336311985301,0.640876552240413
140,141.0,16300.0,0.0,0.0,2.0,0.0,83542.0,0.0,156.0,0.0,0.0,0.0,0.0,0.0,0.932206402967799,0.65916946900405
141,142.0,16300.0,0.0,0.0,2.0,0.0,83542.0,0.0,156.0,0.0,0.0,0.0,0.0,0.0,0.991064356360212,0.700788326974587
142,143.0,16300.0,0.0,0.0,1.0,0.0,83543.0,0.0,156.0,0.0,1.0,0.0,16.666666666666664,0.0,1.06361167515841,0.752087028053693
143,144.0,16300.0,0.0,0.0,1.0,0.0,83543.0,0.0,156.0,0.0,0.0,0.0,0.0,0.0,0.57020316316165,0.57020316316165
144,145.0,16300.0,0.0,0.0,1.0,0.0,83543.0,0.0,156.0,0.0,0.0,0.0,0.0,0.0,0.621427184879773,0.621427184879773
145,146.0,16300.0,0.0,0.0,0.0,0.0,83544.0,0.0,156.0,0.0,0.0,0.0,0.0,0.0,0.713617197401789,0.713617197401789
146,147.0,16300.0,0.0,0.0,0.0,0.0,83544.0,0.0,156.0,0.0,0.0,0.0,0.0,0.0,0.839113844101557,0.839113844101557
147,148.0,16300.0,0.0,0.0,0.0,0.0,83544.0,0.0,156.0,0.0,0.0,0.0,0.0,0.0,0.996488834692795,0.996488834692795
148,149.0,16300.0,0.0,0.0,0.0,0.0,83544.0,0.0,156.0,0.0,0.0,0.0,0.0,0.0,1.18659934916494,1.18659934916494
149,150.0,16300.0,0.0,0.0,0.0,0.0,83544.0,0.0,156.0,0.0,0.0,0.0,0.0,0.0,1.40983151748222,1.40983151748222
150,151.0,16300.0,0.0,0.0,0.0,0.0,83544.0,0.0,156.0,0.0,0.0,0.0,0.0,0.0,1.66490402573935,1.66490402573935
151,152.0,16300.0,0.0,0.0,0.0,0.0,83544.0,0.0,156.0,0.0,0.0,0.0,0.0,0.0,1.94809582140661,1.94809582140661
152,153.0,16300.0,0.0,0.0,0.0,0.0,83544.0,0.0,156.0,0.0,0.0,0.0,0.0,0.0,2.25290733424295,2.25290733424295
153,154.0,16300.0,0.0,0.0,0.0,0.0,83544.0,0.0,156.0,0.0,0.0,0.0,0.0,0.0,2.57030041981182,2.57030041981182
154,155.0,16300.0,0.0,0.0,0.0,0.0,83544.0,0.0,156.0,0.0,0.0,0.0,0.0,0.0,2.88956761487806,2.88956761487806
155,156.0,16300.0,0.0,0.0,0.0,0.0,83544.0,0.0,156.0,0.0,0.0,0.0,0.0,0.0,3.19967432289551,3.19967432289551
156,157.0,16300.0,0.0,0.0,0.0,0.0,83544.0,0.0,156.0,0.0,0.0,0.0,0.0,0.0,3.49072314837271,3.49072314837271
157,158.0,16300.0,0.0,0.0,0.0,0.0,83544.0,0.0,156.0,0.0,0.0,0.0,0.0,0.0,3.75513390323185,3.75513390323185
158,159.0,16300.0,0.0,0.0,0.0,0.0,83544.0,0.0,156.0,0.0,0.0,0.0,0.0,0.0,3.98825708333192,3.98825708333192
159,160.0,16300.0,0.0,0.0,0.0,0.0,83544.0,0.0,156.0,0.0,0.0,0.0,0.0,0.0,4.18836638248592,4.18836638248592
160,161.0,16300.0,0.0,0.0,0.0,0.0,83544.0,0.0,156.0,0.0,0.0,0.0,0.0,0.0,4.35617793684436,4.35617793684436
161,162.0,16300.0,0.0,0.0,0.0,0.0,83544.0,0.0,156.0,0.0,0.0,0.0,0.0,0.0,4.4941353477206,4.4941353477206
162,163.0,16300.0,0.0,0.0,0.0,0.0,83544.0,0.0,156.0,0.0,0.0,0.0,0.0,0.0,4.60567890212194,4.60567890212194
163,164.0,16300.0,0.0,0.0,0.0,0.0,83544.0,0.0,156.0,0.0,0.0,0.0,0.0,0.0,4.69463708135084,4.69463708135084
164,165.0,16300.0,0.0,0.0,0.0,0.0,83544.0,0.0,156.0,0.0,0.0,0.0,0.0,0.0,4.76479356646022,4.76479356646022
165,166.0,16300.0,0.0,0.0,0.0,0.0,83544.0,0.0,156.0,0.0,0.0,0.0,0.0,0.0,4.81962354123237,4.81962354123237
166,167.0,16300.0,0.0,0.0,0.0,0.0,83544.0,0.0,156.0,0.0,0.0,0.0,0.0,0.0,4.86216414365769,4.86216414365769
167,168.0,16300.0,0.0,0.0,0.0,0.0,83544.0,0.0,156.0,0.0,0.0,0.0,0.0,0.0,4.89497734462462,4.89497734462462
168,169.0,16300.0,0.0,0.0,0.0,0.0,83544.0,0.0,156.0,0.0,0.0,0.0,0.0,0.0,4.92016886405326,4.92016886405326
169,170.0,16300.0,0.0,0.0,0.0,0.0,83544.0,0.0,156.0,0.0,0.0,0.0,0.0,0.0,4.93943613495089,4.93943613495089
170,171.0,16300.0,0.0,0.0,0.0,0.0,83544.0,0.0,156.0,0.0,0.0,0.0,0.0,0.0,4.95412749529187,4.95412749529187
171,172.0,16300.0,0.0,0.0,0.0,0.0,83544.0,0.0,156.0,0.0,0.0,0.0,0.0,0.0,4.96530200899073,4.96530200899073
172,173.0,16300.0,0.0,0.0,0.0,0.0,83544.0,0.0,156.0,0.0,0.0,0.0,0.0,0.0,4.97378434810329,4.97378434810329
173,174.0,16300.0,0.0,0.0,0.0,0.0,83544.0,0.0,156.0,0.0,0.0,0.0,0.0,0.0,4.98021235843019,4.98021235843019
174,175.0,16300.0,0.0,0.0,0.0,0.0,83544.0,0.0,156.0,0.0,0.0,0.0,0.0,0.0,4.98507679000257,4.98507679000257
175,176.0,16300.0,0.0,0.0,0.0,0.0,83544.0,0.0,156.0,0.0,0.0,0.0,0.0,0.0,4.98875365121455,4.98875365121455
176,177.0,16300.0,0.0,0.0,0.0,0.0,83544.0,0.0,156.0,0.0,0.0,0.0,0.0,0.0,4.99153008307831,4.99153008307831
177,178.0,16300.0,0.0,0.0,0.0,0.0,83544.0,0.0,156.0,0.0,0.0,0.0,0.0,0.0,4.99362477927839,4.99362477927839
178,179.0,16300.0,0.0,0.0,0.0,0.0,83544.0,0.0,156.0,0.0,0.0,0.0,0.0,0.0,4.99520394157413,4.99520394157413
179,180.0,16300.0,0.0,0.0,0.0,0.0,83544.0,0.0,156.0,0.0,0.0,0.0,0.0,0.0,4.99639365524391,4.99639365524391
180,181.0,16300.0,0.0,0.0,0.0,0.0,83544.0,0.0,156.0,0.0,0.0,0.0,0.0,0.0,4.9972894305913,4.9972894305913
181,182.0,16300.0,0.0,0.0,0.0,0.0,83544.0,0.0,156.0,0.0,0.0,0.0,0.0,0.0,4.99796352699771,4.99796352699771
182,183.0,16300.0,0.0,0.0,0.0,0.0,83544.0,0.0,156.0,0.0,0.0,0.0,0.0,0.0,4.9984705551631,4.9984705551631
183,184.0,16300.0,0.0,0.0,0.0,0.0,83544.0,0.0,156.0,0.0,0.0,0.0,0.0,0.0,4.99885174979039,4.99885174979039
184,185.0,16300.0,0.0,0.0,0.0,0.0,83544.0,0.0,156.0,0.0,0.0,0.0,0.0,0.0,4.99913822078197,4.99913822078197
185,186.0,16300.0,0.0,0.0,0.0,0.0,83544.0,0.0,156.0,0.0,0.0,0.0,0.0,0.0,4.99935342294557,4.99935342294557
186,187.0,16300.0,0.0,0.0,0.0,0.0,83544.0,0.0,156.0,0.0,0.0,0.0,0.0,0.0,4.9995150281028,4.9995150281028
187,188.0,16300.0,0.0,0.0,0.0,0.0,83544.0,0.0,156.0,0.0,0.0,0.0,0.0,0.0,4.99963634354999,4.99963634354999
188,189.0,16300.0,0.0,0.0,0.0,0.0,83544.0,0.0,156.0,0.0,0.0,0.0,0.0,0.0,4.99972738462014,4.99972738462014
189,190.0,16300.0,0.0,0.0,0.0,0.0,83544.0,0.0,156.0,0.0,0.0,0.0,0.0,0.0,4.99979568560166,4.99979568560166
190,191.0,16300.0,0.0,0.0,0.0,0.0,83544.0,0.0,156.0,0.0,0.0,0.0,0.0,0.0,4.99984691168401,4.99984691168401
191,192.0,16300.0,0.0,0.0,0.0,0.0,83544.0,0.0,156.0,0.0,0.0,0.0,0.0,0.0,4.99988532093203,4.99988532093203
192,193.0,16300.0,0.0,0.0,0.0,0.0,83544.0,0.0,156.0,0.0,0.0,0.0,0.0,0.0,4.99991411259975,4.99991411259975
193,194.0,16300.0,0.0,0.0,0.0,0.0,83544.0,0.0,156.0,0.0,0.0,0.0,0.0,0.0,4.99993568953179,4.99993568953179
194,195.0,16300.0,0.0,0.0,0.0,0.0,83544.0,0.0,156.0,0.0,0.0,0.0,0.0,0.0,0.0,0.0
195,196.0,16300.0,0.0,0.0,0.0,0.0,83544.0,0.0,156.0,0.0,0.0,0.0,0.0,0.0,0.0,0.0
196,197.0,16300.0,0.0,0.0,0.0,0.0,83544.0,0.0,156.0,0.0,0.0,0.0,0.0,0.0,0.0,0.0
197,198.0,16300.0,0.0,0.0,0.0,0.0,83544.0,0.0,156.0,0.0,0.0,0.0,0.0,0.0,0.0,0.0
198,199.0,16300.0,0.0,0.0,0.0,0.0,83544.0,0.0,156.0,0.0,0.0,0.0,0.0,0.0,0.0,0.0
199,200.0,16300.0,0.0,0.0,0.0,0.0,83544.0,0.0,156.0,0.0,0.0,0.0,0.0,0.0,0.0,0.0
